Workbook

Sheet Reports
A1: Live Stock Reports
A2: Quantity on hand by store | H2: Stock value by store ($)
A3: Product Name | B3: ProductID | C3: Store A | D3: Store B | E3: Store C | F3: Grand Total | H3: Product Name | I3: ProductID | J3: Store A | K3: Store B | L3: Store C | M3: Grand Total
A4: Thermal Coffee Mug | B4: P001 | C4: =SUMIFS(Inventory!$G$3:$G$62,Inventory!$B$3:$B$62,B4,Inventory!$A$3:$A$62,"Store A") -> 37 | D4: =SUMIFS(Inventory!$G$3:$G$62,Inventory!$B$3:$B$62,B4,Inventory!$A$3:$A$62,"Store B") -> 25 | E4: =SUMIFS(Inventory!$G$3:$G$62,Inventory!$B$3:$B$62,B4,Inventory!$A$3:$A$62,"Store C") -> 38 | F4: =SUM(C4:E4) -> 100 | H4: Thermal Coffee Mug | I4: P001 | J4: =SUMIFS(Inventory!$H$3:$H$62,Inventory!$B$3:$B$62,I4,Inventory!$A$3:$A$62,"Store A") -> 333 | K4: =SUMIFS(Inventory!$H$3:$H$62,Inventory!$B$3:$B$62,I4,Inventory!$A$3:$A$62,"Store B") -> 225 | L4: =SUMIFS(Inventory!$H$3:$H$62,Inventory!$B$3:$B$62,I4,Inventory!$A$3:$A$62,"Store C") -> 342 | M4: =SUM(J4:L4) -> 900
A5: Wireless Earbuds | B5: P002 | C5: =SUMIFS(Inventory!$G$3:$G$62,Inventory!$B$3:$B$62,B5,Inventory!$A$3:$A$62,"Store A") -> 36 | D5: =SUMIFS(Inventory!$G$3:$G$62,Inventory!$B$3:$B$62,B5,Inventory!$A$3:$A$62,"Store B") -> 18 | E5: =SUMIFS(Inventory!$G$3:$G$62,Inventory!$B$3:$B$62,B5,Inventory!$A$3:$A$62,"Store C") -> 22 | F5: =SUM(C5:E5) -> 76 | H5: Wireless Earbuds | I5: P002 | J5: =SUMIFS(Inventory!$H$3:$H$62,Inventory!$B$3:$B$62,I5,Inventory!$A$3:$A$62,"Store A") -> 666 | K5: =SUMIFS(Inventory!$H$3:$H$62,Inventory!$B$3:$B$62,I5,Inventory!$A$3:$A$62,"Store B") -> 333 | L5: =SUMIFS(Inventory!$H$3:$H$62,Inventory!$B$3:$B$62,I5,Inventory!$A$3:$A$62,"Store C") -> 407 | M5: =SUM(J5:L5) -> 1406
A6: Organic Lip Balm Set | B6: P003 | C6: =SUMIFS(Inventory!$G$3:$G$62,Inventory!$B$3:$B$62,B6,Inventory!$A$3:$A$62,"Store A") -> 23 | D6: =SUMIFS(Inventory!$G$3:$G$62,Inventory!$B$3:$B$62,B6,Inventory!$A$3:$A$62,"Store B") -> 30 | E6: =SUMIFS(Inventory!$G$3:$G$62,Inventory!$B$3:$B$62,B6,Inventory!$A$3:$A$62,"Store C") -> 8 | F6: =SUM(C6:E6) -> 61 | H6: Organic Lip Balm Set | I6: P003 | J6: =SUMIFS(Inventory!$H$3:$H$62,Inventory!$B$3:$B$62,I6,Inventory!$A$3:$A$62,"Store A") -> 115 | K6: =SUMIFS(Inventory!$H$3:$H$62,Inventory!$B$3:$B$62,I6,Inventory!$A$3:$A$62,"Store B") -> 150 | L6: =SUMIFS(Inventory!$H$3:$H$62,Inventory!$B$3:$B$62,I6,Inventory!$A$3:$A$62,"Store C") -> 40 | M6: =SUM(J6:L6) -> 305
A7: Foldable Tote Bag | B7: P004 | C7: =SUMIFS(Inventory!$G$3:$G$62,Inventory!$B$3:$B$62,B7,Inventory!$A$3:$A$62,"Store A") -> 22 | D7: =SUMIFS(Inventory!$G$3:$G$62,Inventory!$B$3:$B$62,B7,Inventory!$A$3:$A$62,"Store B") -> 4 | E7: =SUMIFS(Inventory!$G$3:$G$62,Inventory!$B$3:$B$62,B7,Inventory!$A$3:$A$62,"Store C") -> 19 | F7: =SUM(C7:E7) -> 45 | H7: Foldable Tote Bag | I7: P004 | J7: =SUMIFS(Inventory!$H$3:$H$62,Inventory!$B$3:$B$62,I7,Inventory!$A$3:$A$62,"Store A") -> 165 | K7: =SUMIFS(Inventory!$H$3:$H$62,Inventory!$B$3:$B$62,I7,Inventory!$A$3:$A$62,"Store B") -> 30 | L7: =SUMIFS(Inventory!$H$3:$H$62,Inventory!$B$3:$B$62,I7,Inventory!$A$3:$A$62,"Store C") -> 142.5 | M7: =SUM(J7:L7) -> 337.5
A8: Mini Succulent Pot | B8: P005 | C8: =SUMIFS(Inventory!$G$3:$G$62,Inventory!$B$3:$B$62,B8,Inventory!$A$3:$A$62,"Store A") -> 46 | D8: =SUMIFS(Inventory!$G$3:$G$62,Inventory!$B$3:$B$62,B8,Inventory!$A$3:$A$62,"Store B") -> 48 | E8: =SUMIFS(Inventory!$G$3:$G$62,Inventory!$B$3:$B$62,B8,Inventory!$A$3:$A$62,"Store C") -> 31 | F8: =SUM(C8:E8) -> 125 | H8: Mini Succulent Pot | I8: P005 | J8: =SUMIFS(Inventory!$H$3:$H$62,Inventory!$B$3:$B$62,I8,Inventory!$A$3:$A$62,"Store A") -> 368 | K8: =SUMIFS(Inventory!$H$3:$H$62,Inventory!$B$3:$B$62,I8,Inventory!$A$3:$A$62,"Store B") -> 384 | L8: =SUMIFS(Inventory!$H$3:$H$62,Inventory!$B$3:$B$62,I8,Inventory!$A$3:$A$62,"Store C") -> 248 | M8: =SUM(J8:L8) -> 1000
A9: Puzzle Notebook | B9: P006 | C9: =SUMIFS(Inventory!$G$3:$G$62,Inventory!$B$3:$B$62,B9,Inventory!$A$3:$A$62,"Store A") -> 35 | D9: =SUMIFS(Inventory!$G$3:$G$62,Inventory!$B$3:$B$62,B9,Inventory!$A$3:$A$62,"Store B") -> 35 | E9: =SUMIFS(Inventory!$G$3:$G$62,Inventory!$B$3:$B$62,B9,Inventory!$A$3:$A$62,"Store C") -> 28 | F9: =SUM(C9:E9) -> 98 | H9: Puzzle Notebook | I9: P006 | J9: =SUMIFS(Inventory!$H$3:$H$62,Inventory!$B$3:$B$62,I9,Inventory!$A$3:$A$62,"Store A") -> 157.5 | K9: =SUMIFS(Inventory!$H$3:$H$62,Inventory!$B$3:$B$62,I9,Inventory!$A$3:$A$62,"Store B") -> 157.5 | L9: =SUMIFS(Inventory!$H$3:$H$62,Inventory!$B$3:$B$62,I9,Inventory!$A$3:$A$62,"Store C") -> 126 | M9: =SUM(J9:L9) -> 441
A10: Protein Snack Bar | B10: P007 | C10: =SUMIFS(Inventory!$G$3:$G$62,Inventory!$B$3:$B$62,B10,Inventory!$A$3:$A$62,"Store A") -> 36 | D10: =SUMIFS(Inventory!$G$3:$G$62,Inventory!$B$3:$B$62,B10,Inventory!$A$3:$A$62,"Store B") -> 5 | E10: =SUMIFS(Inventory!$G$3:$G$62,Inventory!$B$3:$B$62,B10,Inventory!$A$3:$A$62,"Store C") -> 2 | F10: =SUM(C10:E10) -> 43 | H10: Protein Snack Bar | I10: P007 | J10: =SUMIFS(Inventory!$H$3:$H$62,Inventory!$B$3:$B$62,I10,Inventory!$A$3:$A$62,"Store A") -> 126 | K10: =SUMIFS(Inventory!$H$3:$H$62,Inventory!$B$3:$B$62,I10,Inventory!$A$3:$A$62,"Store B") -> 17.5 | L10: =SUMIFS(Inventory!$H$3:$H$62,Inventory!$B$3:$B$62,I10,Inventory!$A$3:$A$62,"Store C") -> 7 | M10: =SUM(J10:L10) -> 150.5
A11: Bamboo Toothbrush Pack | B11: P008 | C11: =SUMIFS(Inventory!$G$3:$G$62,Inventory!$B$3:$B$62,B11,Inventory!$A$3:$A$62,"Store A") -> 22 | D11: =SUMIFS(Inventory!$G$3:$G$62,Inventory!$B$3:$B$62,B11,Inventory!$A$3:$A$62,"Store B") -> 11 | E11: =SUMIFS(Inventory!$G$3:$G$62,Inventory!$B$3:$B$62,B11,Inventory!$A$3:$A$62,"Store C") -> 20 | F11: =SUM(C11:E11) -> 53 | H11: Bamboo Toothbrush Pack | I11: P008 | J11: =SUMIFS(Inventory!$H$3:$H$62,Inventory!$B$3:$B$62,I11,Inventory!$A$3:$A$62,"Store A") -> 132 | K11: =SUMIFS(Inventory!$H$3:$H$62,Inventory!$B$3:$B$62,I11,Inventory!$A$3:$A$62,"Store B") -> 66 | L11: =SUMIFS(Inventory!$H$3:$H$62,Inventory!$B$3:$B$62,I11,Inventory!$A$3:$A$62,"Store C") -> 120 | M11: =SUM(J11:L11) -> 318
A12: LED Book Light | B12: P009 | C12: =SUMIFS(Inventory!$G$3:$G$62,Inventory!$B$3:$B$62,B12,Inventory!$A$3:$A$62,"Store A") -> 12 | D12: =SUMIFS(Inventory!$G$3:$G$62,Inventory!$B$3:$B$62,B12,Inventory!$A$3:$A$62,"Store B") -> 4 | E12: =SUMIFS(Inventory!$G$3:$G$62,Inventory!$B$3:$B$62,B12,Inventory!$A$3:$A$62,"Store C") -> 24 | F12: =SUM(C12:E12) -> 40 | H12: LED Book Light | I12: P009 | J12: =SUMIFS(Inventory!$H$3:$H$62,Inventory!$B$3:$B$62,I12,Inventory!$A$3:$A$62,"Store A") -> 132 | K12: =SUMIFS(Inventory!$H$3:$H$62,Inventory!$B$3:$B$62,I12,Inventory!$A$3:$A$62,"Store B") -> 44 | L12: =SUMIFS(Inventory!$H$3:$H$62,Inventory!$B$3:$B$62,I12,Inventory!$A$3:$A$62,"Store C") -> 264 | M12: =SUM(J12:L12) -> 440
A13: Canvas Zipper Pouch | B13: P010 | C13: =SUMIFS(Inventory!$G$3:$G$62,Inventory!$B$3:$B$62,B13,Inventory!$A$3:$A$62,"Store A") -> 20 | D13: =SUMIFS(Inventory!$G$3:$G$62,Inventory!$B$3:$B$62,B13,Inventory!$A$3:$A$62,"Store B") -> 15 | E13: =SUMIFS(Inventory!$G$3:$G$62,Inventory!$B$3:$B$62,B13,Inventory!$A$3:$A$62,"Store C") -> 14 | F13: =SUM(C13:E13) -> 49 | H13: Canvas Zipper Pouch | I13: P010 | J13: =SUMIFS(Inventory!$H$3:$H$62,Inventory!$B$3:$B$62,I13,Inventory!$A$3:$A$62,"Store A") -> 110 | K13: =SUMIFS(Inventory!$H$3:$H$62,Inventory!$B$3:$B$62,I13,Inventory!$A$3:$A$62,"Store B") -> 82.5 | L13: =SUMIFS(Inventory!$H$3:$H$62,Inventory!$B$3:$B$62,I13,Inventory!$A$3:$A$62,"Store C") -> 77 | M13: =SUM(J13:L13) -> 269.5
A14: Herbal Tea Sampler | B14: P011 | C14: =SUMIFS(Inventory!$G$3:$G$62,Inventory!$B$3:$B$62,B14,Inventory!$A$3:$A$62,"Store A") -> 16 | D14: =SUMIFS(Inventory!$G$3:$G$62,Inventory!$B$3:$B$62,B14,Inventory!$A$3:$A$62,"Store B") -> 14 | E14: =SUMIFS(Inventory!$G$3:$G$62,Inventory!$B$3:$B$62,B14,Inventory!$A$3:$A$62,"Store C") -> 32 | F14: =SUM(C14:E14) -> 62 | H14: Herbal Tea Sampler | I14: P011 | J14: =SUMIFS(Inventory!$H$3:$H$62,Inventory!$B$3:$B$62,I14,Inventory!$A$3:$A$62,"Store A") -> 160 | K14: =SUMIFS(Inventory!$H$3:$H$62,Inventory!$B$3:$B$62,I14,Inventory!$A$3:$A$62,"Store B") -> 140 | L14: =SUMIFS(Inventory!$H$3:$H$62,Inventory!$B$3:$B$62,I14,Inventory!$A$3:$A$62,"Store C") -> 320 | M14: =SUM(J14:L14) -> 620
A15: Sticky Note Set | B15: P012 | C15: =SUMIFS(Inventory!$G$3:$G$62,Inventory!$B$3:$B$62,B15,Inventory!$A$3:$A$62,"Store A") -> 60 | D15: =SUMIFS(Inventory!$G$3:$G$62,Inventory!$B$3:$B$62,B15,Inventory!$A$3:$A$62,"Store B") -> 45 | E15: =SUMIFS(Inventory!$G$3:$G$62,Inventory!$B$3:$B$62,B15,Inventory!$A$3:$A$62,"Store C") -> 27 | F15: =SUM(C15:E15) -> 132 | H15: Sticky Note Set | I15: P012 | J15: =SUMIFS(Inventory!$H$3:$H$62,Inventory!$B$3:$B$62,I15,Inventory!$A$3:$A$62,"Store A") -> 150 | K15: =SUMIFS(Inventory!$H$3:$H$62,Inventory!$B$3:$B$62,I15,Inventory!$A$3:$A$62,"Store B") -> 112.5 | L15: =SUMIFS(Inventory!$H$3:$H$62,Inventory!$B$3:$B$62,I15,Inventory!$A$3:$A$62,"Store C") -> 67.5 | M15: =SUM(J15:L15) -> 330
... A23: Yoga Resistance Band | B23: P020 | C23: =SUMIFS(Inventory!$G$3:$G$62,Inventory!$B$3:$B$62,B23,Inventory!$A$3:$A$62,"Store A") -> 18 | D23: =SUMIFS(Inventory!$G$3:$G$62,Inventory!$B$3:$B$62,B23,Inventory!$A$3:$A$62,"Store B") -> 14 | E23: =SUMIFS(Inventory!$G$3:$G$62,Inventory!$B$3:$B$62,B23,Inventory!$A$3:$A$62,"Store C") -> 6 | F23: =SUM(C23:E23) -> 38 | H23: Yoga Resistance Band | I23: P020 | J23: =SUMIFS(Inventory!$H$3:$H$62,Inventory!$B$3:$B$62,I23,Inventory!$A$3:$A$62,"Store A") -> 216 | K23: =SUMIFS(Inventory!$H$3:$H$62,Inventory!$B$3:$B$62,I23,Inventory!$A$3:$A$62,"Store B") -> 168 | L23: =SUMIFS(Inventory!$H$3:$H$62,Inventory!$B$3:$B$62,I23,Inventory!$A$3:$A$62,"Store C") -> 72 | M23: =SUM(J23:L23) -> 456
A24: Grand Total | C24: =SUM(C4:C23) -> 536 | D24: =SUM(D4:D23) -> 379 | E24: =SUM(E4:E23) -> 349 | F24: =SUM(F4:F23) -> 1264 | H24: Grand Total | J24: =SUM(J4:J23) -> 3872 | K24: =SUM(K4:K23) -> 2739 | L24: =SUM(L4:L23) -> 2819.5 | M24: =SUM(M4:M23) -> 9430.5
A27: Store health scorecard
A28: Store | B28: Total qty | C28: Stock value ($) | D28: Items below reorder | E28: Reorder risk % | F28: Health status
A29: Store A | B29: =SUMIF(Inventory!$A$3:$A$62,A29,Inventory!$G$3:$G$62) -> 536 | C29: =SUMIF(Inventory!$A$3:$A$62,A29,Inventory!$H$3:$H$62) -> 3872 | D29: =COUNTIFS(Inventory!$A$3:$A$62,A29,Inventory!$I$3:$I$62,"Yes") -> 4 | E29: =D29/20 -> 0.2 | F29: =IF(E29<0.3,"Good",IF(E29<0.6,"Needs Attention","Critical")) -> Good
A30: Store B | B30: =SUMIF(Inventory!$A$3:$A$62,A30,Inventory!$G$3:$G$62) -> 379 | C30: =SUMIF(Inventory!$A$3:$A$62,A30,Inventory!$H$3:$H$62) -> 2739 | D30: =COUNTIFS(Inventory!$A$3:$A$62,A30,Inventory!$I$3:$I$62,"Yes") -> 13 | E30: =D30/20 -> 0.65 | F30: =IF(E30<0.3,"Good",IF(E30<0.6,"Needs Attention","Critical")) -> Critical
A31: Store C | B31: =SUMIF(Inventory!$A$3:$A$62,A31,Inventory!$G$3:$G$62) -> 349 | C31: =SUMIF(Inventory!$A$3:$A$62,A31,Inventory!$H$3:$H$62) -> 2819.5 | D31: =COUNTIFS(Inventory!$A$3:$A$62,A31,Inventory!$I$3:$I$62,"Yes") -> 14 | E31: =D31/20 -> 0.7 | F31: =IF(E31<0.3,"Good",IF(E31<0.6,"Needs Attention","Critical")) -> Critical

Sheet Order
A1: Reorder summary
A2: Reorder filter: | B2: Yes
A3: Order date: | B3: 45814 | C3: ← change date here to update Inventory order dates
A5: Supplier | B5: ProductID | C5: Product Name | D5: Store A reorder qty | E5: Store B reorder qty | F5: Store C reorder qty | G5: Total to order
A6: NovaBrew Supplies | B6: P001 | C6: =VLOOKUP(B6,Products!$A$3:$B$22,2,0) -> Thermal Coffee Mug | D6: =IF($B$2<>"Yes",0,IFERROR(SUMIFS(Inventory!$F$3:$F$62,Inventory!$B$3:$B$62,$B6,Inventory!$A$3:$A$62,LEFT(D$5,FIND(" reorder qty",D$5)-1),Inventory!$I$3:$I$62,"Yes",Inventory!$J$3:$J$62,$B$3)-SUMIFS(Inventory!$G$3:$G$62,Inventory!$B$3:$B$62,$B6,Inventory!$A$3:$A$62,LEFT(D$5,FIND(" reorder qty",D$5)-1),Inventory!$I$3:$I$62,"Yes",Inventory!$J$3:$J$62,$B$3),0)) -> 0 | E6: =IF($B$2<>"Yes",0,IFERROR(SUMIFS(Inventory!$F$3:$F$62,Inventory!$B$3:$B$62,$B6,Inventory!$A$3:$A$62,LEFT(E$5,FIND(" reorder qty",E$5)-1),Inventory!$I$3:$I$62,"Yes",Inventory!$J$3:$J$62,$B$3)-SUMIFS(Inventory!$G$3:$G$62,Inventory!$B$3:$B$62,$B6,Inventory!$A$3:$A$62,LEFT(E$5,FIND(" reorder qty",E$5)-1),Inventory!$I$3:$I$62,"Yes",Inventory!$J$3:$J$62,$B$3),0)) -> 0 | F6: =IF($B$2<>"Yes",0,IFERROR(SUMIFS(Inventory!$F$3:$F$62,Inventory!$B$3:$B$62,$B6,Inventory!$A$3:$A$62,LEFT(F$5,FIND(" reorder qty",F$5)-1),Inventory!$I$3:$I$62,"Yes",Inventory!$J$3:$J$62,$B$3)-SUMIFS(Inventory!$G$3:$G$62,Inventory!$B$3:$B$62,$B6,Inventory!$A$3:$A$62,LEFT(F$5,FIND(" reorder qty",F$5)-1),Inventory!$I$3:$I$62,"Yes",Inventory!$J$3:$J$62,$B$3),0)) -> 0 | G6: =SUM(D6:F6) -> 0
A7: TechLink Distributors | B7: P002 | C7: =VLOOKUP(B7,Products!$A$3:$B$22,2,0) -> Wireless Earbuds | D7: =IF($B$2<>"Yes",0,IFERROR(SUMIFS(Inventory!$F$3:$F$62,Inventory!$B$3:$B$62,$B7,Inventory!$A$3:$A$62,LEFT(D$5,FIND(" reorder qty",D$5)-1),Inventory!$I$3:$I$62,"Yes",Inventory!$J$3:$J$62,$B$3)-SUMIFS(Inventory!$G$3:$G$62,Inventory!$B$3:$B$62,$B7,Inventory!$A$3:$A$62,LEFT(D$5,FIND(" reorder qty",D$5)-1),Inventory!$I$3:$I$62,"Yes",Inventory!$J$3:$J$62,$B$3),0)) -> 0 | E7: =IF($B$2<>"Yes",0,IFERROR(SUMIFS(Inventory!$F$3:$F$62,Inventory!$B$3:$B$62,$B7,Inventory!$A$3:$A$62,LEFT(E$5,FIND(" reorder qty",E$5)-1),Inventory!$I$3:$I$62,"Yes",Inventory!$J$3:$J$62,$B$3)-SUMIFS(Inventory!$G$3:$G$62,Inventory!$B$3:$B$62,$B7,Inventory!$A$3:$A$62,LEFT(E$5,FIND(" reorder qty",E$5)-1),Inventory!$I$3:$I$62,"Yes",Inventory!$J$3:$J$62,$B$3),0)) -> 0 | F7: =IF($B$2<>"Yes",0,IFERROR(SUMIFS(Inventory!$F$3:$F$62,Inventory!$B$3:$B$62,$B7,Inventory!$A$3:$A$62,LEFT(F$5,FIND(" reorder qty",F$5)-1),Inventory!$I$3:$I$62,"Yes",Inventory!$J$3:$J$62,$B$3)-SUMIFS(Inventory!$G$3:$G$62,Inventory!$B$3:$B$62,$B7,Inventory!$A$3:$A$62,LEFT(F$5,FIND(" reorder qty",F$5)-1),Inventory!$I$3:$I$62,"Yes",Inventory!$J$3:$J$62,$B$3),0)) -> 0 | G7: =SUM(D7:F7) -> 0
A8: PureGlow Imports | B8: P003 | C8: =VLOOKUP(B8,Products!$A$3:$B$22,2,0) -> Organic Lip Balm Set | D8: =IF($B$2<>"Yes",0,IFERROR(SUMIFS(Inventory!$F$3:$F$62,Inventory!$B$3:$B$62,$B8,Inventory!$A$3:$A$62,LEFT(D$5,FIND(" reorder qty",D$5)-1),Inventory!$I$3:$I$62,"Yes",Inventory!$J$3:$J$62,$B$3)-SUMIFS(Inventory!$G$3:$G$62,Inventory!$B$3:$B$62,$B8,Inventory!$A$3:$A$62,LEFT(D$5,FIND(" reorder qty",D$5)-1),Inventory!$I$3:$I$62,"Yes",Inventory!$J$3:$J$62,$B$3),0)) -> 2 | E8: =IF($B$2<>"Yes",0,IFERROR(SUMIFS(Inventory!$F$3:$F$62,Inventory!$B$3:$B$62,$B8,Inventory!$A$3:$A$62,LEFT(E$5,FIND(" reorder qty",E$5)-1),Inventory!$I$3:$I$62,"Yes",Inventory!$J$3:$J$62,$B$3)-SUMIFS(Inventory!$G$3:$G$62,Inventory!$B$3:$B$62,$B8,Inventory!$A$3:$A$62,LEFT(E$5,FIND(" reorder qty",E$5)-1),Inventory!$I$3:$I$62,"Yes",Inventory!$J$3:$J$62,$B$3),0)) -> 0 | F8: =IF($B$2<>"Yes",0,IFERROR(SUMIFS(Inventory!$F$3:$F$62,Inventory!$B$3:$B$62,$B8,Inventory!$A$3:$A$62,LEFT(F$5,FIND(" reorder qty",F$5)-1),Inventory!$I$3:$I$62,"Yes",Inventory!$J$3:$J$62,$B$3)-SUMIFS(Inventory!$G$3:$G$62,Inventory!$B$3:$B$62,$B8,Inventory!$A$3:$A$62,LEFT(F$5,FIND(" reorder qty",F$5)-1),Inventory!$I$3:$I$62,"Yes",Inventory!$J$3:$J$62,$B$3),0)) -> 17 | G8: =SUM(D8:F8) -> 19
A9: UrbanCraft Co. | B9: P004 | C9: =VLOOKUP(B9,Products!$A$3:$B$22,2,0) -> Foldable Tote Bag | D9: =IF($B$2<>"Yes",0,IFERROR(SUMIFS(Inventory!$F$3:$F$62,Inventory!$B$3:$B$62,$B9,Inventory!$A$3:$A$62,LEFT(D$5,FIND(" reorder qty",D$5)-1),Inventory!$I$3:$I$62,"Yes",Inventory!$J$3:$J$62,$B$3)-SUMIFS(Inventory!$G$3:$G$62,Inventory!$B$3:$B$62,$B9,Inventory!$A$3:$A$62,LEFT(D$5,FIND(" reorder qty",D$5)-1),Inventory!$I$3:$I$62,"Yes",Inventory!$J$3:$J$62,$B$3),0)) -> 0 | E9: =IF($B$2<>"Yes",0,IFERROR(SUMIFS(Inventory!$F$3:$F$62,Inventory!$B$3:$B$62,$B9,Inventory!$A$3:$A$62,LEFT(E$5,FIND(" reorder qty",E$5)-1),Inventory!$I$3:$I$62,"Yes",Inventory!$J$3:$J$62,$B$3)-SUMIFS(Inventory!$G$3:$G$62,Inventory!$B$3:$B$62,$B9,Inventory!$A$3:$A$62,LEFT(E$5,FIND(" reorder qty",E$5)-1),Inventory!$I$3:$I$62,"Yes",Inventory!$J$3:$J$62,$B$3),0)) -> 16 | F9: =IF($B$2<>"Yes",0,IFERROR(SUMIFS(Inventory!$F$3:$F$62,Inventory!$B$3:$B$62,$B9,Inventory!$A$3:$A$62,LEFT(F$5,FIND(" reorder qty",F$5)-1),Inventory!$I$3:$I$62,"Yes",Inventory!$J$3:$J$62,$B$3)-SUMIFS(Inventory!$G$3:$G$62,Inventory!$B$3:$B$62,$B9,Inventory!$A$3:$A$62,LEFT(F$5,FIND(" reorder qty",F$5)-1),Inventory!$I$3:$I$62,"Yes",Inventory!$J$3:$J$62,$B$3),0)) -> 1 | G9: =SUM(D9:F9) -> 17
A10: GreenEdge Nurseries | B10: P005 | C10: =VLOOKUP(B10,Products!$A$3:$B$22,2,0) -> Mini Succulent Pot | D10: =IF($B$2<>"Yes",0,IFERROR(SUMIFS(Inventory!$F$3:$F$62,Inventory!$B$3:$B$62,$B10,Inventory!$A$3:$A$62,LEFT(D$5,FIND(" reorder qty",D$5)-1),Inventory!$I$3:$I$62,"Yes",Inventory!$J$3:$J$62,$B$3)-SUMIFS(Inventory!$G$3:$G$62,Inventory!$B$3:$B$62,$B10,Inventory!$A$3:$A$62,LEFT(D$5,FIND(" reorder qty",D$5)-1),Inventory!$I$3:$I$62,"Yes",Inventory!$J$3:$J$62,$B$3),0)) -> 0 | E10: =IF($B$2<>"Yes",0,IFERROR(SUMIFS(Inventory!$F$3:$F$62,Inventory!$B$3:$B$62,$B10,Inventory!$A$3:$A$62,LEFT(E$5,FIND(" reorder qty",E$5)-1),Inventory!$I$3:$I$62,"Yes",Inventory!$J$3:$J$62,$B$3)-SUMIFS(Inventory!$G$3:$G$62,Inventory!$B$3:$B$62,$B10,Inventory!$A$3:$A$62,LEFT(E$5,FIND(" reorder qty",E$5)-1),Inventory!$I$3:$I$62,"Yes",Inventory!$J$3:$J$62,$B$3),0)) -> 0 | F10: =IF($B$2<>"Yes",0,IFERROR(SUMIFS(Inventory!$F$3:$F$62,Inventory!$B$3:$B$62,$B10,Inventory!$A$3:$A$62,LEFT(F$5,FIND(" reorder qty",F$5)-1),Inventory!$I$3:$I$62,"Yes",Inventory!$J$3:$J$62,$B$3)-SUMIFS(Inventory!$G$3:$G$62,Inventory!$B$3:$B$62,$B10,Inventory!$A$3:$A$62,LEFT(F$5,FIND(" reorder qty",F$5)-1),Inventory!$I$3:$I$62,"Yes",Inventory!$J$3:$J$62,$B$3),0)) -> 0 | G10: =SUM(D10:F10) -> 0
A11: PageMaster Supplies | B11: P006 | C11: =VLOOKUP(B11,Products!$A$3:$B$22,2,0) -> Puzzle Notebook | D11: =IF($B$2<>"Yes",0,IFERROR(SUMIFS(Inventory!$F$3:$F$62,Inventory!$B$3:$B$62,$B11,Inventory!$A$3:$A$62,LEFT(D$5,FIND(" reorder qty",D$5)-1),Inventory!$I$3:$I$62,"Yes",Inventory!$J$3:$J$62,$B$3)-SUMIFS(Inventory!$G$3:$G$62,Inventory!$B$3:$B$62,$B11,Inventory!$A$3:$A$62,LEFT(D$5,FIND(" reorder qty",D$5)-1),Inventory!$I$3:$I$62,"Yes",Inventory!$J$3:$J$62,$B$3),0)) -> 0 | E11: =IF($B$2<>"Yes",0,IFERROR(SUMIFS(Inventory!$F$3:$F$62,Inventory!$B$3:$B$62,$B11,Inventory!$A$3:$A$62,LEFT(E$5,FIND(" reorder qty",E$5)-1),Inventory!$I$3:$I$62,"Yes",Inventory!$J$3:$J$62,$B$3)-SUMIFS(Inventory!$G$3:$G$62,Inventory!$B$3:$B$62,$B11,Inventory!$A$3:$A$62,LEFT(E$5,FIND(" reorder qty",E$5)-1),Inventory!$I$3:$I$62,"Yes",Inventory!$J$3:$J$62,$B$3),0)) -> 0 | F11: =IF($B$2<>"Yes",0,IFERROR(SUMIFS(Inventory!$F$3:$F$62,Inventory!$B$3:$B$62,$B11,Inventory!$A$3:$A$62,LEFT(F$5,FIND(" reorder qty",F$5)-1),Inventory!$I$3:$I$62,"Yes",Inventory!$J$3:$J$62,$B$3)-SUMIFS(Inventory!$G$3:$G$62,Inventory!$B$3:$B$62,$B11,Inventory!$A$3:$A$62,LEFT(F$5,FIND(" reorder qty",F$5)-1),Inventory!$I$3:$I$62,"Yes",Inventory!$J$3:$J$62,$B$3),0)) -> 2 | G11: =SUM(D11:F11) -> 2
A12: NutriPeak Foods | B12: P007 | C12: =VLOOKUP(B12,Products!$A$3:$B$22,2,0) -> Protein Snack Bar | D12: =IF($B$2<>"Yes",0,IFERROR(SUMIFS(Inventory!$F$3:$F$62,Inventory!$B$3:$B$62,$B12,Inventory!$A$3:$A$62,LEFT(D$5,FIND(" reorder qty",D$5)-1),Inventory!$I$3:$I$62,"Yes",Inventory!$J$3:$J$62,$B$3)-SUMIFS(Inventory!$G$3:$G$62,Inventory!$B$3:$B$62,$B12,Inventory!$A$3:$A$62,LEFT(D$5,FIND(" reorder qty",D$5)-1),Inventory!$I$3:$I$62,"Yes",Inventory!$J$3:$J$62,$B$3),0)) -> 4 | E12: =IF($B$2<>"Yes",0,IFERROR(SUMIFS(Inventory!$F$3:$F$62,Inventory!$B$3:$B$62,$B12,Inventory!$A$3:$A$62,LEFT(E$5,FIND(" reorder qty",E$5)-1),Inventory!$I$3:$I$62,"Yes",Inventory!$J$3:$J$62,$B$3)-SUMIFS(Inventory!$G$3:$G$62,Inventory!$B$3:$B$62,$B12,Inventory!$A$3:$A$62,LEFT(E$5,FIND(" reorder qty",E$5)-1),Inventory!$I$3:$I$62,"Yes",Inventory!$J$3:$J$62,$B$3),0)) -> 35 | F12: =IF($B$2<>"Yes",0,IFERROR(SUMIFS(Inventory!$F$3:$F$62,Inventory!$B$3:$B$62,$B12,Inventory!$A$3:$A$62,LEFT(F$5,FIND(" reorder qty",F$5)-1),Inventory!$I$3:$I$62,"Yes",Inventory!$J$3:$J$62,$B$3)-SUMIFS(Inventory!$G$3:$G$62,Inventory!$B$3:$B$62,$B12,Inventory!$A$3:$A$62,LEFT(F$5,FIND(" reorder qty",F$5)-1),Inventory!$I$3:$I$62,"Yes",Inventory!$J$3:$J$62,$B$3),0)) -> 38 | G12: =SUM(D12:F12) -> 77
A13: EcoRoot Imports | B13: P008 | C13: =VLOOKUP(B13,Products!$A$3:$B$22,2,0) -> Bamboo Toothbrush Pack | D13: =IF($B$2<>"Yes",0,IFERROR(SUMIFS(Inventory!$F$3:$F$62,Inventory!$B$3:$B$62,$B13,Inventory!$A$3:$A$62,LEFT(D$5,FIND(" reorder qty",D$5)-1),Inventory!$I$3:$I$62,"Yes",Inventory!$J$3:$J$62,$B$3)-SUMIFS(Inventory!$G$3:$G$62,Inventory!$B$3:$B$62,$B13,Inventory!$A$3:$A$62,LEFT(D$5,FIND(" reorder qty",D$5)-1),Inventory!$I$3:$I$62,"Yes",Inventory!$J$3:$J$62,$B$3),0)) -> 0 | E13: =IF($B$2<>"Yes",0,IFERROR(SUMIFS(Inventory!$F$3:$F$62,Inventory!$B$3:$B$62,$B13,Inventory!$A$3:$A$62,LEFT(E$5,FIND(" reorder qty",E$5)-1),Inventory!$I$3:$I$62,"Yes",Inventory!$J$3:$J$62,$B$3)-SUMIFS(Inventory!$G$3:$G$62,Inventory!$B$3:$B$62,$B13,Inventory!$A$3:$A$62,LEFT(E$5,FIND(" reorder qty",E$5)-1),Inventory!$I$3:$I$62,"Yes",Inventory!$J$3:$J$62,$B$3),0)) -> 9 | F13: =IF($B$2<>"Yes",0,IFERROR(SUMIFS(Inventory!$F$3:$F$62,Inventory!$B$3:$B$62,$B13,Inventory!$A$3:$A$62,LEFT(F$5,FIND(" reorder qty",F$5)-1),Inventory!$I$3:$I$62,"Yes",Inventory!$J$3:$J$62,$B$3)-SUMIFS(Inventory!$G$3:$G$62,Inventory!$B$3:$B$62,$B13,Inventory!$A$3:$A$62,LEFT(F$5,FIND(" reorder qty",F$5)-1),Inventory!$I$3:$I$62,"Yes",Inventory!$J$3:$J$62,$B$3),0)) -> 0 | G13: =SUM(D13:F13) -> 9
A14: TechLink Distributors | B14: P009 | C14: =VLOOKUP(B14,Products!$A$3:$B$22,2,0) -> LED Book Light | D14: =IF($B$2<>"Yes",0,IFERROR(SUMIFS(Inventory!$F$3:$F$62,Inventory!$B$3:$B$62,$B14,Inventory!$A$3:$A$62,LEFT(D$5,FIND(" reorder qty",D$5)-1),Inventory!$I$3:$I$62,"Yes",Inventory!$J$3:$J$62,$B$3)-SUMIFS(Inventory!$G$3:$G$62,Inventory!$B$3:$B$62,$B14,Inventory!$A$3:$A$62,LEFT(D$5,FIND(" reorder qty",D$5)-1),Inventory!$I$3:$I$62,"Yes",Inventory!$J$3:$J$62,$B$3),0)) -> 0 | E14: =IF($B$2<>"Yes",0,IFERROR(SUMIFS(Inventory!$F$3:$F$62,Inventory!$B$3:$B$62,$B14,Inventory!$A$3:$A$62,LEFT(E$5,FIND(" reorder qty",E$5)-1),Inventory!$I$3:$I$62,"Yes",Inventory!$J$3:$J$62,$B$3)-SUMIFS(Inventory!$G$3:$G$62,Inventory!$B$3:$B$62,$B14,Inventory!$A$3:$A$62,LEFT(E$5,FIND(" reorder qty",E$5)-1),Inventory!$I$3:$I$62,"Yes",Inventory!$J$3:$J$62,$B$3),0)) -> 6 | F14: =IF($B$2<>"Yes",0,IFERROR(SUMIFS(Inventory!$F$3:$F$62,Inventory!$B$3:$B$62,$B14,Inventory!$A$3:$A$62,LEFT(F$5,FIND(" reorder qty",F$5)-1),Inventory!$I$3:$I$62,"Yes",Inventory!$J$3:$J$62,$B$3)-SUMIFS(Inventory!$G$3:$G$62,Inventory!$B$3:$B$62,$B14,Inventory!$A$3:$A$62,LEFT(F$5,FIND(" reorder qty",F$5)-1),Inventory!$I$3:$I$62,"Yes",Inventory!$J$3:$J$62,$B$3),0)) -> 0 | G14: =SUM(D14:F14) -> 6
A15: UrbanCraft Co. | B15: P010 | C15: =VLOOKUP(B15,Products!$A$3:$B$22,2,0) -> Canvas Zipper Pouch | D15: =IF($B$2<>"Yes",0,IFERROR(SUMIFS(Inventory!$F$3:$F$62,Inventory!$B$3:$B$62,$B15,Inventory!$A$3:$A$62,LEFT(D$5,FIND(" reorder qty",D$5)-1),Inventory!$I$3:$I$62,"Yes",Inventory!$J$3:$J$62,$B$3)-SUMIFS(Inventory!$G$3:$G$62,Inventory!$B$3:$B$62,$B15,Inventory!$A$3:$A$62,LEFT(D$5,FIND(" reorder qty",D$5)-1),Inventory!$I$3:$I$62,"Yes",Inventory!$J$3:$J$62,$B$3),0)) -> 0 | E15: =IF($B$2<>"Yes",0,IFERROR(SUMIFS(Inventory!$F$3:$F$62,Inventory!$B$3:$B$62,$B15,Inventory!$A$3:$A$62,LEFT(E$5,FIND(" reorder qty",E$5)-1),Inventory!$I$3:$I$62,"Yes",Inventory!$J$3:$J$62,$B$3)-SUMIFS(Inventory!$G$3:$G$62,Inventory!$B$3:$B$62,$B15,Inventory!$A$3:$A$62,LEFT(E$5,FIND(" reorder qty",E$5)-1),Inventory!$I$3:$I$62,"Yes",Inventory!$J$3:$J$62,$B$3),0)) -> 3 | F15: =IF($B$2<>"Yes",0,IFERROR(SUMIFS(Inventory!$F$3:$F$62,Inventory!$B$3:$B$62,$B15,Inventory!$A$3:$A$62,LEFT(F$5,FIND(" reorder qty",F$5)-1),Inventory!$I$3:$I$62,"Yes",Inventory!$J$3:$J$62,$B$3)-SUMIFS(Inventory!$G$3:$G$62,Inventory!$B$3:$B$62,$B15,Inventory!$A$3:$A$62,LEFT(F$5,FIND(" reorder qty",F$5)-1),Inventory!$I$3:$I$62,"Yes",Inventory!$J$3:$J$62,$B$3),0)) -> 4 | G15: =SUM(D15:F15) -> 7
A16: NutriPeak Foods | B16: P011 | C16: =VLOOKUP(B16,Products!$A$3:$B$22,2,0) -> Herbal Tea Sampler | D16: =IF($B$2<>"Yes",0,IFERROR(SUMIFS(Inventory!$F$3:$F$62,Inventory!$B$3:$B$62,$B16,Inventory!$A$3:$A$62,LEFT(D$5,FIND(" reorder qty",D$5)-1),Inventory!$I$3:$I$62,"Yes",Inventory!$J$3:$J$62,$B$3)-SUMIFS(Inventory!$G$3:$G$62,Inventory!$B$3:$B$62,$B16,Inventory!$A$3:$A$62,LEFT(D$5,FIND(" reorder qty",D$5)-1),Inventory!$I$3:$I$62,"Yes",Inventory!$J$3:$J$62,$B$3),0)) -> 0 | E16: =IF($B$2<>"Yes",0,IFERROR(SUMIFS(Inventory!$F$3:$F$62,Inventory!$B$3:$B$62,$B16,Inventory!$A$3:$A$62,LEFT(E$5,FIND(" reorder qty",E$5)-1),Inventory!$I$3:$I$62,"Yes",Inventory!$J$3:$J$62,$B$3)-SUMIFS(Inventory!$G$3:$G$62,Inventory!$B$3:$B$62,$B16,Inventory!$A$3:$A$62,LEFT(E$5,FIND(" reorder qty",E$5)-1),Inventory!$I$3:$I$62,"Yes",Inventory!$J$3:$J$62,$B$3),0)) -> 1 | F16: =IF($B$2<>"Yes",0,IFERROR(SUMIFS(Inventory!$F$3:$F$62,Inventory!$B$3:$B$62,$B16,Inventory!$A$3:$A$62,LEFT(F$5,FIND(" reorder qty",F$5)-1),Inventory!$I$3:$I$62,"Yes",Inventory!$J$3:$J$62,$B$3)-SUMIFS(Inventory!$G$3:$G$62,Inventory!$B$3:$B$62,$B16,Inventory!$A$3:$A$62,LEFT(F$5,FIND(" reorder qty",F$5)-1),Inventory!$I$3:$I$62,"Yes",Inventory!$J$3:$J$62,$B$3),0)) -> 0 | G16: =SUM(D16:F16) -> 1
A17: PageMaster Supplies | B17: P012 | C17: =VLOOKUP(B17,Products!$A$3:$B$22,2,0) -> Sticky Note Set | D17: =IF($B$2<>"Yes",0,IFERROR(SUMIFS(Inventory!$F$3:$F$62,Inventory!$B$3:$B$62,$B17,Inventory!$A$3:$A$62,LEFT(D$5,FIND(" reorder qty",D$5)-1),Inventory!$I$3:$I$62,"Yes",Inventory!$J$3:$J$62,$B$3)-SUMIFS(Inventory!$G$3:$G$62,Inventory!$B$3:$B$62,$B17,Inventory!$A$3:$A$62,LEFT(D$5,FIND(" reorder qty",D$5)-1),Inventory!$I$3:$I$62,"Yes",Inventory!$J$3:$J$62,$B$3),0)) -> 0 | E17: =IF($B$2<>"Yes",0,IFERROR(SUMIFS(Inventory!$F$3:$F$62,Inventory!$B$3:$B$62,$B17,Inventory!$A$3:$A$62,LEFT(E$5,FIND(" reorder qty",E$5)-1),Inventory!$I$3:$I$62,"Yes",Inventory!$J$3:$J$62,$B$3)-SUMIFS(Inventory!$G$3:$G$62,Inventory!$B$3:$B$62,$B17,Inventory!$A$3:$A$62,LEFT(E$5,FIND(" reorder qty",E$5)-1),Inventory!$I$3:$I$62,"Yes",Inventory!$J$3:$J$62,$B$3),0)) -> 0 | F17: =IF($B$2<>"Yes",0,IFERROR(SUMIFS(Inventory!$F$3:$F$62,Inventory!$B$3:$B$62,$B17,Inventory!$A$3:$A$62,LEFT(F$5,FIND(" reorder qty",F$5)-1),Inventory!$I$3:$I$62,"Yes",Inventory!$J$3:$J$62,$B$3)-SUMIFS(Inventory!$G$3:$G$62,Inventory!$B$3:$B$62,$B17,Inventory!$A$3:$A$62,LEFT(F$5,FIND(" reorder qty",F$5)-1),Inventory!$I$3:$I$62,"Yes",Inventory!$J$3:$J$62,$B$3),0)) -> 8 | G17: =SUM(D17:F17) -> 8
... A25: ActiveCore Wholesale | B25: P020 | C25: =VLOOKUP(B25,Products!$A$3:$B$22,2,0) -> Yoga Resistance Band | D25: =IF($B$2<>"Yes",0,IFERROR(SUMIFS(Inventory!$F$3:$F$62,Inventory!$B$3:$B$62,$B25,Inventory!$A$3:$A$62,LEFT(D$5,FIND(" reorder qty",D$5)-1),Inventory!$I$3:$I$62,"Yes",Inventory!$J$3:$J$62,$B$3)-SUMIFS(Inventory!$G$3:$G$62,Inventory!$B$3:$B$62,$B25,Inventory!$A$3:$A$62,LEFT(D$5,FIND(" reorder qty",D$5)-1),Inventory!$I$3:$I$62,"Yes",Inventory!$J$3:$J$62,$B$3),0)) -> 0 | E25: =IF($B$2<>"Yes",0,IFERROR(SUMIFS(Inventory!$F$3:$F$62,Inventory!$B$3:$B$62,$B25,Inventory!$A$3:$A$62,LEFT(E$5,FIND(" reorder qty",E$5)-1),Inventory!$I$3:$I$62,"Yes",Inventory!$J$3:$J$62,$B$3)-SUMIFS(Inventory!$G$3:$G$62,Inventory!$B$3:$B$62,$B25,Inventory!$A$3:$A$62,LEFT(E$5,FIND(" reorder qty",E$5)-1),Inventory!$I$3:$I$62,"Yes",Inventory!$J$3:$J$62,$B$3),0)) -> 1 | F25: =IF($B$2<>"Yes",0,IFERROR(SUMIFS(Inventory!$F$3:$F$62,Inventory!$B$3:$B$62,$B25,Inventory!$A$3:$A$62,LEFT(F$5,FIND(" reorder qty",F$5)-1),Inventory!$I$3:$I$62,"Yes",Inventory!$J$3:$J$62,$B$3)-SUMIFS(Inventory!$G$3:$G$62,Inventory!$B$3:$B$62,$B25,Inventory!$A$3:$A$62,LEFT(F$5,FIND(" reorder qty",F$5)-1),Inventory!$I$3:$I$62,"Yes",Inventory!$J$3:$J$62,$B$3),0)) -> 9 | G25: =SUM(D25:F25) -> 10
A26: Total units to order | D26: =SUM(D6:D25) -> 9 | E26: =SUM(E6:E25) -> 97 | F26: =SUM(F6:F25) -> 110 | G26: =SUM(G6:G25) -> 216

Sheet Products
A1: Products — Master data
A2: ProductID | B2: Product Name | C2: Category | D2: Cost/Unit ($) | E2: Reorder Level | F2: Supplier
A3: P001 | B3: Thermal Coffee Mug | C3: Lifestyle | D3: 9 | E3: 20 | F3: NovaBrew Supplies
A4: P002 | B4: Wireless Earbuds | C4: Electronics | D4: 18.5 | E4: 15 | F4: TechLink Distributors
A5: P003 | B5: Organic Lip Balm Set | C5: Health & Beauty | D5: 5 | E5: 25 | F5: PureGlow Imports
A6: P004 | B6: Foldable Tote Bag | C6: Apparel | D6: 7.5 | E6: 20 | F6: UrbanCraft Co.
A7: P005 | B7: Mini Succulent Pot | C7: Lifestyle | D7: 8 | E7: 12 | F7: GreenEdge Nurseries
A8: P006 | B8: Puzzle Notebook | C8: Stationery | D8: 4.5 | E8: 30 | F8: PageMaster Supplies
A9: P007 | B9: Protein Snack Bar | C9: Food & Drink | D9: 3.5 | E9: 40 | F9: NutriPeak Foods
A10: P008 | B10: Bamboo Toothbrush Pack | C10: Health & Beauty | D10: 6 | E10: 20 | F10: EcoRoot Imports
A11: P009 | B11: LED Book Light | C11: Electronics | D11: 11 | E11: 10 | F11: TechLink Distributors
A12: P010 | B12: Canvas Zipper Pouch | C12: Apparel | D12: 5.5 | E12: 18 | F12: UrbanCraft Co.
A13: P011 | B13: Herbal Tea Sampler | C13: Food & Drink | D13: 10 | E13: 15 | F13: NutriPeak Foods
A14: P012 | B14: Sticky Note Set | C14: Stationery | D14: 2.5 | E14: 35 | F14: PageMaster Supplies
... A22: P020 | B22: Yoga Resistance Band | C22: Health & Beauty | D22: 12 | E22: 15 | F22: ActiveCore Wholesale

Sheet Transactions
A1: Transactions — stock movements
A2: TransID | B2: Date | C2: ProductID | D2: Site | E2: Quantity | F2: Type
A3: T001 | B3: 45920 | C3: P001 | D3: Store A | E3: 42 | F3: Opening Stock
A4: T002 | B4: 45920 | C4: P001 | D4: Store B | E4: 25 | F4: Opening Stock
A5: T003 | B5: 45920 | C5: P001 | D5: Store C | E5: 38 | F5: Opening Stock
A6: T004 | B6: 45920 | C6: P002 | D6: Store A | E6: 16 | F6: Opening Stock
A7: T005 | B7: 45920 | C7: P002 | D7: Store B | E7: 18 | F7: Opening Stock
A8: T006 | B8: 45920 | C8: P002 | D8: Store C | E8: 10 | F8: Opening Stock
A9: T007 | B9: 45920 | C9: P003 | D9: Store A | E9: 27 | F9: Opening Stock
A10: T008 | B10: 45920 | C10: P003 | D10: Store B | E10: 30 | F10: Opening Stock
A11: T009 | B11: 45920 | C11: P003 | D11: Store C | E11: 8 | F11: Opening Stock
A12: T010 | B12: 45920 | C12: P004 | D12: Store A | E12: 22 | F12: Opening Stock
A13: T011 | B13: 45920 | C13: P004 | D13: Store B | E13: 12 | F13: Opening Stock
A14: T012 | B14: 45920 | C14: P004 | D14: Store C | E14: 19 | F14: Opening Stock
... A83: T081 | B83: 45930 | C83: P002 | D83: Store C | E83: 12 | F83: Receipt

Sheet Inventory
A1: Inventory | E1: Total Stock Value ($): | H1: =SUM(H3:H62) -> 9430.5
A2: Site | B2: ProductID | C2: Product Name | D2: Supplier | E2: Cost/Unit ($) | F2: Reorder Level | G2: Qty on Hand | H2: Stock Value ($) | I2: Reorder? | J2: Order Date
A3: Store A | B3: P001 | C3: =VLOOKUP(B3,Products!$A$3:$F$22,2,0) -> Thermal Coffee Mug | D3: =VLOOKUP(B3,Products!$A$3:$F$22,6,0) -> NovaBrew Supplies | E3: =VLOOKUP(B3,Products!$A$3:$F$22,4,0) -> 9 | F3: =VLOOKUP(B3,Products!$A$3:$F$22,5,0) -> 20 | G3: =SUMIFS(Transactions!$E$3:$E$83,Transactions!$C$3:$C$83,B3,Transactions!$D$3:$D$83,A3) -> 37 | H3: =G3*E3 -> 333 | I3: No | J3: =IF(I3="Yes",IF(J3="",Order!$B$3,J3),"")
A4: Store B | B4: P001 | C4: =VLOOKUP(B4,Products!$A$3:$F$22,2,0) -> Thermal Coffee Mug | D4: =VLOOKUP(B4,Products!$A$3:$F$22,6,0) -> NovaBrew Supplies | E4: =VLOOKUP(B4,Products!$A$3:$F$22,4,0) -> 9 | F4: =VLOOKUP(B4,Products!$A$3:$F$22,5,0) -> 20 | G4: =SUMIFS(Transactions!$E$3:$E$83,Transactions!$C$3:$C$83,B4,Transactions!$D$3:$D$83,A4) -> 25 | H4: =G4*E4 -> 225 | I4: =IF(G4<=F4,"Yes","No") -> No | J4: =IF(I4="Yes",IF(J4="",Order!$B$3,J4),"")
A5: Store C | B5: P001 | C5: =VLOOKUP(B5,Products!$A$3:$F$22,2,0) -> Thermal Coffee Mug | D5: =VLOOKUP(B5,Products!$A$3:$F$22,6,0) -> NovaBrew Supplies | E5: =VLOOKUP(B5,Products!$A$3:$F$22,4,0) -> 9 | F5: =VLOOKUP(B5,Products!$A$3:$F$22,5,0) -> 20 | G5: =SUMIFS(Transactions!$E$3:$E$83,Transactions!$C$3:$C$83,B5,Transactions!$D$3:$D$83,A5) -> 38 | H5: =G5*E5 -> 342 | I5: =IF(G5<=F5,"Yes","No") -> No | J5: =IF(I5="Yes",IF(J5="",Order!$B$3,J5),"")
A6: Store A | B6: P002 | C6: =VLOOKUP(B6,Products!$A$3:$F$22,2,0) -> Wireless Earbuds | D6: =VLOOKUP(B6,Products!$A$3:$F$22,6,0) -> TechLink Distributors | E6: =VLOOKUP(B6,Products!$A$3:$F$22,4,0) -> 18.5 | F6: =VLOOKUP(B6,Products!$A$3:$F$22,5,0) -> 15 | G6: =SUMIFS(Transactions!$E$3:$E$83,Transactions!$C$3:$C$83,B6,Transactions!$D$3:$D$83,A6) -> 36 | H6: =G6*E6 -> 666 | I6: =IF(G6<=F6,"Yes","No") -> No | J6: =IF(I6="Yes",IF(J6="",Order!$B$3,J6),"")
A7: Store B | B7: P002 | C7: =VLOOKUP(B7,Products!$A$3:$F$22,2,0) -> Wireless Earbuds | D7: =VLOOKUP(B7,Products!$A$3:$F$22,6,0) -> TechLink Distributors | E7: =VLOOKUP(B7,Products!$A$3:$F$22,4,0) -> 18.5 | F7: =VLOOKUP(B7,Products!$A$3:$F$22,5,0) -> 15 | G7: =SUMIFS(Transactions!$E$3:$E$83,Transactions!$C$3:$C$83,B7,Transactions!$D$3:$D$83,A7) -> 18 | H7: =G7*E7 -> 333 | I7: =IF(G7<=F7,"Yes","No") -> No | J7: =IF(I7="Yes",IF(J7="",Order!$B$3,J7),"")
A8: Store C | B8: P002 | C8: =VLOOKUP(B8,Products!$A$3:$F$22,2,0) -> Wireless Earbuds | D8: =VLOOKUP(B8,Products!$A$3:$F$22,6,0) -> TechLink Distributors | E8: =VLOOKUP(B8,Products!$A$3:$F$22,4,0) -> 18.5 | F8: =VLOOKUP(B8,Products!$A$3:$F$22,5,0) -> 15 | G8: =SUMIFS(Transactions!$E$3:$E$83,Transactions!$C$3:$C$83,B8,Transactions!$D$3:$D$83,A8) -> 22 | H8: =G8*E8 -> 407 | I8: =IF(G8<=F8,"Yes","No") -> No | J8: =IF(I8="Yes",IF(J8="",Order!$B$3,J8),"")
A9: Store A | B9: P003 | C9: =VLOOKUP(B9,Products!$A$3:$F$22,2,0) -> Organic Lip Balm Set | D9: =VLOOKUP(B9,Products!$A$3:$F$22,6,0) -> PureGlow Imports | E9: =VLOOKUP(B9,Products!$A$3:$F$22,4,0) -> 5 | F9: =VLOOKUP(B9,Products!$A$3:$F$22,5,0) -> 25 | G9: =SUMIFS(Transactions!$E$3:$E$83,Transactions!$C$3:$C$83,B9,Transactions!$D$3:$D$83,A9) -> 23 | H9: =G9*E9 -> 115 | I9: =IF(G9<=F9,"Yes","No") -> Yes | J9: =IF(I9="Yes",IF(J9="",Order!$B$3,J9),"") -> 45814
A10: Store B | B10: P003 | C10: =VLOOKUP(B10,Products!$A$3:$F$22,2,0) -> Organic Lip Balm Set | D10: =VLOOKUP(B10,Products!$A$3:$F$22,6,0) -> PureGlow Imports | E10: =VLOOKUP(B10,Products!$A$3:$F$22,4,0) -> 5 | F10: =VLOOKUP(B10,Products!$A$3:$F$22,5,0) -> 25 | G10: =SUMIFS(Transactions!$E$3:$E$83,Transactions!$C$3:$C$83,B10,Transactions!$D$3:$D$83,A10) -> 30 | H10: =G10*E10 -> 150 | I10: =IF(G10<=F10,"Yes","No") -> No | J10: =IF(I10="Yes",IF(J10="",Order!$B$3,J10),"")
A11: Store C | B11: P003 | C11: =VLOOKUP(B11,Products!$A$3:$F$22,2,0) -> Organic Lip Balm Set | D11: =VLOOKUP(B11,Products!$A$3:$F$22,6,0) -> PureGlow Imports | E11: =VLOOKUP(B11,Products!$A$3:$F$22,4,0) -> 5 | F11: =VLOOKUP(B11,Products!$A$3:$F$22,5,0) -> 25 | G11: =SUMIFS(Transactions!$E$3:$E$83,Transactions!$C$3:$C$83,B11,Transactions!$D$3:$D$83,A11) -> 8 | H11: =G11*E11 -> 40 | I11: =IF(G11<=F11,"Yes","No") -> Yes | J11: =IF(I11="Yes",IF(J11="",Order!$B$3,J11),"") -> 45814
A12: Store A | B12: P004 | C12: =VLOOKUP(B12,Products!$A$3:$F$22,2,0) -> Foldable Tote Bag | D12: =VLOOKUP(B12,Products!$A$3:$F$22,6,0) -> UrbanCraft Co. | E12: =VLOOKUP(B12,Products!$A$3:$F$22,4,0) -> 7.5 | F12: =VLOOKUP(B12,Products!$A$3:$F$22,5,0) -> 20 | G12: =SUMIFS(Transactions!$E$3:$E$83,Transactions!$C$3:$C$83,B12,Transactions!$D$3:$D$83,A12) -> 22 | H12: =G12*E12 -> 165 | I12: =IF(G12<=F12,"Yes","No") -> No | J12: =IF(I12="Yes",IF(J12="",Order!$B$3,J12),"")
A13: Store B | B13: P004 | C13: =VLOOKUP(B13,Products!$A$3:$F$22,2,0) -> Foldable Tote Bag | D13: =VLOOKUP(B13,Products!$A$3:$F$22,6,0) -> UrbanCraft Co. | E13: =VLOOKUP(B13,Products!$A$3:$F$22,4,0) -> 7.5 | F13: =VLOOKUP(B13,Products!$A$3:$F$22,5,0) -> 20 | G13: =SUMIFS(Transactions!$E$3:$E$83,Transactions!$C$3:$C$83,B13,Transactions!$D$3:$D$83,A13) -> 4 | H13: =G13*E13 -> 30 | I13: =IF(G13<=F13,"Yes","No") -> Yes | J13: =IF(I13="Yes",IF(J13="",Order!$B$3,J13),"") -> 45814
A14: Store C | B14: P004 | C14: =VLOOKUP(B14,Products!$A$3:$F$22,2,0) -> Foldable Tote Bag | D14: =VLOOKUP(B14,Products!$A$3:$F$22,6,0) -> UrbanCraft Co. | E14: =VLOOKUP(B14,Products!$A$3:$F$22,4,0) -> 7.5 | F14: =VLOOKUP(B14,Products!$A$3:$F$22,5,0) -> 20 | G14: =SUMIFS(Transactions!$E$3:$E$83,Transactions!$C$3:$C$83,B14,Transactions!$D$3:$D$83,A14) -> 19 | H14: =G14*E14 -> 142.5 | I14: =IF(G14<=F14,"Yes","No") -> Yes | J14: =IF(I14="Yes",IF(J14="",Order!$B$3,J14),"") -> 45814
A15: Store A | B15: P005 | C15: =VLOOKUP(B15,Products!$A$3:$F$22,2,0) -> Mini Succulent Pot | D15: =VLOOKUP(B15,Products!$A$3:$F$22,6,0) -> GreenEdge Nurseries | E15: =VLOOKUP(B15,Products!$A$3:$F$22,4,0) -> 8 | F15: =VLOOKUP(B15,Products!$A$3:$F$22,5,0) -> 12 | G15: =SUMIFS(Transactions!$E$3:$E$83,Transactions!$C$3:$C$83,B15,Transactions!$D$3:$D$83,A15) -> 46 | H15: =G15*E15 -> 368 | I15: =IF(G15<=F15,"Yes","No") -> No | J15: =IF(I15="Yes",IF(J15="",Order!$B$3,J15),"")
... A40: Store B | B40: P013 | C40: =VLOOKUP(B40,Products!$A$3:$F$22,2,0) -> Reusable Straw Kit | D40: =VLOOKUP(B40,Products!$A$3:$F$22,6,0) -> EcoRoot Imports | E40: =VLOOKUP(B40,Products!$A$3:$F$22,4,0) -> 4 | F40: =VLOOKUP(B40,Products!$A$3:$F$22,5,0) -> 25 | G40: =SUMIFS(Transactions!$E$3:$E$83,Transactions!$C$3:$C$83,B40,Transactions!$D$3:$D$83,A40) -> 13 | H40: =G40*E40 -> 52 | I40: =IF(G40<=F40,"Yes","No") -> Yes | J40: =IF(I40="Yes",IF(J40="",Order!$B$3,J40),"") -> 45814
A41: Store C | B41: P013 | C41: =VLOOKUP(B41,Products!$A$3:$F$22,2,0) -> Reusable Straw Kit | D41: =VLOOKUP(B41,Products!$A$3:$F$22,6,0) -> EcoRoot Imports | E41: =VLOOKUP(B41,Products!$A$3:$F$22,4,0) -> 4 | F41: =VLOOKUP(B41,Products!$A$3:$F$22,5,0) -> 25 | G41: =SUMIFS(Transactions!$E$3:$E$83,Transactions!$C$3:$C$83,B41,Transactions!$D$3:$D$83,A41) -> 10 | H41: =G41*E41 -> 40 | I41: No | J41: =IF(I41="Yes",IF(J41="",Order!$B$3,J41),"")
A42: Store A | B42: P014 | C42: =VLOOKUP(B42,Products!$A$3:$F$22,2,0) -> Desktop Cable Organiser | D42: =VLOOKUP(B42,Products!$A$3:$F$22,6,0) -> TechLink Distributors | E42: =VLOOKUP(B42,Products!$A$3:$F$22,4,0) -> 7 | F42: =VLOOKUP(B42,Products!$A$3:$F$22,5,0) -> 12 | G42: =SUMIFS(Transactions!$E$3:$E$83,Transactions!$C$3:$C$83,B42,Transactions!$D$3:$D$83,A42) -> 14 | H42: =G42*E42 -> 98 | I42: =IF(G42<=F42,"Yes","No") -> No | J42: =IF(I42="Yes",IF(J42="",Order!$B$3,J42),"")
A43: Store B | B43: P014 | C43: =VLOOKUP(B43,Products!$A$3:$F$22,2,0) -> Desktop Cable Organiser | D43: =VLOOKUP(B43,Products!$A$3:$F$22,6,0) -> TechLink Distributors | E43: =VLOOKUP(B43,Products!$A$3:$F$22,4,0) -> 7 | F43: =VLOOKUP(B43,Products!$A$3:$F$22,5,0) -> 12 | G43: =SUMIFS(Transactions!$E$3:$E$83,Transactions!$C$3:$C$83,B43,Transactions!$D$3:$D$83,A43) -> 25 | H43: =G43*E43 -> 175 | I43: =IF(G43<=F43,"Yes","No") -> No | J43: =IF(I43="Yes",IF(J43="",Order!$B$3,J43),"")
A44: Store C | B44: P014 | C44: =VLOOKUP(B44,Products!$A$3:$F$22,2,0) -> Desktop Cable Organiser | D44: =VLOOKUP(B44,Products!$A$3:$F$22,6,0) -> TechLink Distributors | E44: =VLOOKUP(B44,Products!$A$3:$F$22,4,0) -> 7 | F44: =VLOOKUP(B44,Products!$A$3:$F$22,5,0) -> 12 | G44: =SUMIFS(Transactions!$E$3:$E$83,Transactions!$C$3:$C$83,B44,Transactions!$D$3:$D$83,A44) -> 8 | H44: =G44*E44 -> 56 | I44: =IF(G44<=F44,"Yes","No") -> Yes | J44: =IF(I44="Yes",IF(J44="",Order!$B$3,J44),"") -> 45814
A45: Store A | B45: P015 | C45: =VLOOKUP(B45,Products!$A$3:$F$22,2,0) -> Scented Hand Cream | D45: =VLOOKUP(B45,Products!$A$3:$F$22,6,0) -> PureGlow Imports | E45: =VLOOKUP(B45,Products!$A$3:$F$22,4,0) -> 8.5 | F45: =VLOOKUP(B45,Products!$A$3:$F$22,5,0) -> 20 | G45: =SUMIFS(Transactions!$E$3:$E$83,Transactions!$C$3:$C$83,B45,Transactions!$D$3:$D$83,A45) -> 18 | H45: =G45*E45 -> 153 | I45: =IF(G45<=F45,"Yes","No") -> Yes | J45: =IF(I45="Yes",IF(J45="",Order!$B$3,J45),"") -> 45814
A46: Store B | B46: P015 | C46: =VLOOKUP(B46,Products!$A$3:$F$22,2,0) -> Scented Hand Cream | D46: =VLOOKUP(B46,Products!$A$3:$F$22,6,0) -> PureGlow Imports | E46: =VLOOKUP(B46,Products!$A$3:$F$22,4,0) -> 8.5 | F46: =VLOOKUP(B46,Products!$A$3:$F$22,5,0) -> 20 | G46: =SUMIFS(Transactions!$E$3:$E$83,Transactions!$C$3:$C$83,B46,Transactions!$D$3:$D$83,A46) -> 18 | H46: =G46*E46 -> 153 | I46: =IF(G46<=F46,"Yes","No") -> Yes | J46: =IF(I46="Yes",IF(J46="",Order!$B$3,J46),"") -> 45814
A47: Store C | B47: P015 | C47: =VLOOKUP(B47,Products!$A$3:$F$22,2,0) -> Scented Hand Cream | D47: =VLOOKUP(B47,Products!$A$3:$F$22,6,0) -> PureGlow Imports | E47: =VLOOKUP(B47,Products!$A$3:$F$22,4,0) -> 8.5 | F47: =VLOOKUP(B47,Products!$A$3:$F$22,5,0) -> 20 | G47: =SUMIFS(Transactions!$E$3:$E$83,Transactions!$C$3:$C$83,B47,Transactions!$D$3:$D$83,A47) -> 16 | H47: =G47*E47 -> 136 | I47: =IF(G47<=F47,"Yes","No") -> Yes | J47: =IF(I47="Yes",IF(J47="",Order!$B$3,J47),"") -> 45814
A48: Store A | B48: P016 | C48: =VLOOKUP(B48,Products!$A$3:$F$22,2,0) -> Insulated Lunch Bag | D48: =VLOOKUP(B48,Products!$A$3:$F$22,6,0) -> NovaBrew Supplies | E48: =VLOOKUP(B48,Products!$A$3:$F$22,4,0) -> 13 | F48: =VLOOKUP(B48,Products!$A$3:$F$22,5,0) -> 15 | G48: =SUMIFS(Transactions!$E$3:$E$83,Transactions!$C$3:$C$83,B48,Transactions!$D$3:$D$83,A48) -> 14 | H48: =G48*E48 -> 182 | I48: =IF(G48<=F48,"Yes","No") -> Yes | J48: =IF(I48="Yes",IF(J48="",Order!$B$3,J48),"") -> 45814
A49: Store B | B49: P016 | C49: =VLOOKUP(B49,Products!$A$3:$F$22,2,0) -> Insulated Lunch Bag | D49: =VLOOKUP(B49,Products!$A$3:$F$22,6,0) -> NovaBrew Supplies | E49: =VLOOKUP(B49,Products!$A$3:$F$22,4,0) -> 13 | F49: =VLOOKUP(B49,Products!$A$3:$F$22,5,0) -> 15 | G49: =SUMIFS(Transactions!$E$3:$E$83,Transactions!$C$3:$C$83,B49,Transactions!$D$3:$D$83,A49) -> 14 | H49: =G49*E49 -> 182 | I49: =IF(G49<=F49,"Yes","No") -> Yes | J49: =IF(I49="Yes",IF(J49="",Order!$B$3,J49),"") -> 45814
A50: Store C | B50: P016 | C50: =VLOOKUP(B50,Products!$A$3:$F$22,2,0) -> Insulated Lunch Bag | D50: =VLOOKUP(B50,Products!$A$3:$F$22,6,0) -> NovaBrew Supplies | E50: =VLOOKUP(B50,Products!$A$3:$F$22,4,0) -> 13 | F50: =VLOOKUP(B50,Products!$A$3:$F$22,5,0) -> 15 | G50: =SUMIFS(Transactions!$E$3:$E$83,Transactions!$C$3:$C$83,B50,Transactions!$D$3:$D$83,A50) -> 13 | H50: =G50*E50 -> 169 | I50: =IF(G50<=F50,"Yes","No") -> Yes | J50: =IF(I50="Yes",IF(J50="",Order!$B$3,J50),"") -> 45814
A51: Store A | B51: P017 | C51: =VLOOKUP(B51,Products!$A$3:$F$22,2,0) -> Motivational Poster Set | D51: =VLOOKUP(B51,Products!$A$3:$F$22,6,0) -> PageMaster Supplies | E51: =VLOOKUP(B51,Products!$A$3:$F$22,4,0) -> 6 | F51: =VLOOKUP(B51,Products!$A$3:$F$22,5,0) -> 10 | G51: =SUMIFS(Transactions!$E$3:$E$83,Transactions!$C$3:$C$83,B51,Transactions!$D$3:$D$83,A51) -> 12 | H51: =G51*E51 -> 72 | I51: =IF(G51<=F51,"Yes","No") -> No | J51: =IF(I51="Yes",IF(J51="",Order!$B$3,J51),"")
A52: Store B | B52: P017 | C52: =VLOOKUP(B52,Products!$A$3:$F$22,2,0) -> Motivational Poster Set | D52: =VLOOKUP(B52,Products!$A$3:$F$22,6,0) -> PageMaster Supplies | E52: =VLOOKUP(B52,Products!$A$3:$F$22,4,0) -> 6 | F52: =VLOOKUP(B52,Products!$A$3:$F$22,5,0) -> 10 | G52: =SUMIFS(Transactions!$E$3:$E$83,Transactions!$C$3:$C$83,B52,Transactions!$D$3:$D$83,A52) -> 3 | H52: =G52*E52 -> 18 | I52: =IF(G52<=F52,"Yes","No") -> Yes | J52: =IF(I52="Yes",IF(J52="",Order!$B$3,J52),"") -> 45814
A53: Store C | B53: P017 | C53: =VLOOKUP(B53,Products!$A$3:$F$22,2,0) -> Motivational Poster Set | D53: =VLOOKUP(B53,Products!$A$3:$F$22,6,0) -> PageMaster Supplies | E53: =VLOOKUP(B53,Products!$A$3:$F$22,4,0) -> 6 | F53: =VLOOKUP(B53,Products!$A$3:$F$22,5,0) -> 10 | G53: =SUMIFS(Transactions!$E$3:$E$83,Transactions!$C$3:$C$83,B53,Transactions!$D$3:$D$83,A53) -> 6 | H53: =G53*E53 -> 36 | I53: =IF(G53<=F53,"Yes","No") -> Yes | J53: =IF(I53="Yes",IF(J53="",Order!$B$3,J53),"") -> 45814
... A62: Store C | B62: P020 | C62: =VLOOKUP(B62,Products!$A$3:$F$22,2,0) -> Yoga Resistance Band | D62: =VLOOKUP(B62,Products!$A$3:$F$22,6,0) -> ActiveCore Wholesale | E62: =VLOOKUP(B62,Products!$A$3:$F$22,4,0) -> 12 | F62: =VLOOKUP(B62,Products!$A$3:$F$22,5,0) -> 15 | G62: =SUMIFS(Transactions!$E$3:$E$83,Transactions!$C$3:$C$83,B62,Transactions!$D$3:$D$83,A62) -> 6 | H62: =G62*E62 -> 72 | I62: =IF(G62<=F62,"Yes","No") -> Yes | J62: =IF(I62="Yes",IF(J62="",Order!$B$3,J62),"") -> 45814
